workers,total_time,speedup
1,904.03,1.000000
2,761.16,1.187700
4,524.29,1.724294
8,397.95,2.271718
16,344.79,2.621973
32,329.84,2.740814
64,253.64,3.564225
