workers,total_time,speedup
1,850.86,1.000000
2,471.47,1.804696
4,359.43,2.367248
8,339.50,2.506215
16,318.18,2.674147
32,292.69,2.907035
64,258.83,3.287331
